id,episode_id,tag_id,created_at,updated_at
5ac05185-3b3b-4fd2-be9d-002fc1ccf8e2,fec886e7-ea30-47c6-a603-0e2ffffb7d6d,8f9fcf16-5974-4f3d-b5d3-9d016d68b586,3/6/2012,3/6/2012
2b9c8548-6f58-4825-8673-00a0adc3cb13,96ef2f1c-6d9a-42ca-8dfa-25fb4bab4659,b99f443f-3327-4a98-8d4c-f3dde7258e99,12/17/2011,12/17/2011
152f57fa-2201-4919-9a47-0100b60ffa43,d6e25d19-be9d-4330-86d4-059a6a5992b7,2e84102a-1f05-4283-a16e-4866ccdd1678,11/20/2011,11/20/2011
0821e12a-f5ef-4d41-88ba-056d3a0760ac,89602f3f-2fe3-4709-a6cd-eb3db4b08cde,128783ad-8314-49ef-9f88-3930bbb7a240,2/20/2012,2/20/2012
14222410-a516-4bb4-a448-058757cc6530,53313081-dcd0-433b-aec0-6ac151ce6dfa,9953cbb4-2666-4280-b6db-2dcd5d281915,12/18/2011,12/18/2011
ebc3093e-1204-4fc1-8cc9-05b0a3bfe125,fc4334ae-dbd0-4725-85f8-f62339ff60fa,14dc67e2-70fc-4b52-b346-de2e16f49ed8,12/8/2011,12/8/2011
280d7132-7399-4ed9-8478-05b8913c4399,a477439b-0239-4128-8343-dfacd6093141,324e1607-7cdc-483e-aca1-3254db2d7740,1/28/2012,1/28/2012
dadcd07d-7538-4675-a2f6-0647b41722c8,1edc23c9-bd82-4fdf-b0d2-24310269520a,128783ad-8314-49ef-9f88-3930bbb7a240,1/13/2012,1/13/2012
ae0d1e84-d3b6-4072-9534-064f7f51ec70,385da697-ea5c-46a7-a697-466018b403ff,7de4c20d-344c-49f9-9757-a7e5387c19e0,11/30/2011,11/30/2011
6a654591-fcf0-4a8f-b02d-073f28b2b9f8,247333b1-7d29-4841-89b9-1cb7f754adab,ca1a3dc0-8ad1-46a4-8091-817d7f6a07d8,11/15/2011,11/15/2011
a699f1a4-3313-4ff8-a2d9-0744cb77f371,80ba131a-fe25-463c-8661-52c038c9c86f,8b61b0cc-2ce6-44a1-ad0e-15ad577266a0,11/13/2011,11/13/2011
f24f947b-a869-483c-aaf4-07aff70b94cb,ef4165e3-b78c-4cd6-a33d-4b67e0e0bf2e,872fbb95-3402-418d-bc32-d716c661169d,12/18/2011,12/18/2011
837ccc0c-2438-475d-b2fa-08dc9db21ca6,b2120057-356f-4ef3-9aa6-9af8eb0d8b17,2e84102a-1f05-4283-a16e-4866ccdd1678,12/5/2011,12/5/2011
e8034832-2bb2-4e01-a2eb-09058d5c21d7,4a2d023a-2176-47d0-ae9e-193631a89fb7,8a21ec9f-5289-49b0-b9b1-7f065223c460,2/20/2012,2/20/2012
f8424113-038d-4661-b520-09a8762cde39,ded066c0-e61d-4828-a788-28892f57bcb1,2a8dc2c1-a343-47e0-8021-7d60b32e9e58,11/23/2011,11/23/2011
69fbd18f-3470-4ba5-b916-0ac580faceeb,41f47112-7089-4cc2-8fdc-15054ccd222a,bb7c71a3-3428-4b1a-b799-305e04569b6f,12/8/2011,12/8/2011
1005bdb1-a6dd-442f-847b-0b0946db2d6f,060ff650-7440-421a-9a39-24a23f8b96bc,6afaa3ba-5e54-4307-aad2-48784ab2b9e0,2/3/2012,2/3/2012
75fb83af-e13a-4606-bf18-0b94d824d7e2,818614fe-a63d-4567-997a-46aa100a3a00,bf5fadd5-09e2-4cab-83eb-f09c7c015134,1/28/2012,1/28/2012
3da8ae9c-329f-4ce7-a0d0-0c3afefa650a,c1a33cb1-a66d-49df-97dc-b10c90b79fad,128783ad-8314-49ef-9f88-3930bbb7a240,11/27/2011,11/27/2011
f007be10-66b8-43b7-a952-0c3c609bb30c,9bd367b4-5edb-468d-a032-eaccdbaa79bc,bb7c71a3-3428-4b1a-b799-305e04569b6f,1/10/2012,1/10/2012
476c43dd-e122-438a-8a01-0c9e33aa7e73,41f47112-7089-4cc2-8fdc-15054ccd222a,110ca322-479b-40ec-b5be-f241db94e4cb,12/8/2011,12/8/2011
9f81a5aa-fd35-486a-9d5d-0db9f901f8c1,b6574b9d-73c6-4af3-9939-2750a5bfe1f1,f402716b-20a3-4bf1-8dbd-d9fab9d266b4,11/29/2011,11/29/2011
b230fa52-ff34-4baa-9ef6-0edf33d121b8,2d939f65-0b09-4821-93e2-5b76346f0f31,bb7c71a3-3428-4b1a-b799-305e04569b6f,3/19/2012,3/19/2012
e802661b-4d46-4271-9fd1-0f2e83e4188e,52077213-2ced-4b86-816e-5f6a5640e87c,ca1a3dc0-8ad1-46a4-8091-817d7f6a07d8,4/16/2012,4/16/2012
370847a6-f751-4d5c-8ae4-0facdcf42c6e,91c2d3da-b517-4405-80e5-7df68d7af06b,128783ad-8314-49ef-9f88-3930bbb7a240,1/3/2012,1/3/2012
6fe0dbfa-4e86-4b57-b4b9-108e59ead553,5ce19075-2df0-4f51-bff3-c689599185be,2e84102a-1f05-4283-a16e-4866ccdd1678,2/3/2012,2/3/2012
ead3e627-05cf-40a7-8ee0-119e39b11bd7,8e709813-6461-40fa-adce-75ea2a99bd36,8f9fcf16-5974-4f3d-b5d3-9d016d68b586,1/21/2012,1/21/2012
9dc1e6e6-760b-47fb-b507-11a34c4bc980,d10299da-fd2c-4704-a50c-c37dcef077ec,8deb4155-a3b9-4b8f-9163-30b5ad859fa1,11/15/2011,11/15/2011
c923cc89-e935-4a8c-8ee6-136220533205,69c981d0-35a4-4216-ae87-07f5b360d4ed,ca1a3dc0-8ad1-46a4-8091-817d7f6a07d8,11/13/2011,11/13/2011
899f432f-96a8-4e1d-a2b3-1559010f7b85,c3c7e298-760f-40af-82d3-a2c4c336a820,9953cbb4-2666-4280-b6db-2dcd5d281915,12/17/2011,12/17/2011
f014ac7b-6d70-4a8b-8731-1623caf16176,959d0eaa-4458-439a-92d7-86a3d8dd6c84,5b05f9e9-b53c-48ac-b9a7-60d2528611c4,1/28/2012,1/28/2012
6bb9110a-7fc7-4123-8120-1669287f5aba,51d0ed84-7356-4337-ae86-28f717623165,872fbb95-3402-418d-bc32-d716c661169d,11/15/2011,11/15/2011
0e702f21-1b23-4faa-9584-16bd9035deb3,fec886e7-ea30-47c6-a603-0e2ffffb7d6d,2a8dc2c1-a343-47e0-8021-7d60b32e9e58,3/6/2012,3/6/2012
0917545c-aa59-4c73-bbad-181e2022da65,50cf98c2-2100-4e43-926f-46420a6700f4,2bc0c080-66a6-45c1-b98e-ccce4506a7f8,1/28/2012,1/28/2012
fa113e9d-4090-4ea6-814d-1a11c62de5ed,9bd367b4-5edb-468d-a032-eaccdbaa79bc,2e84102a-1f05-4283-a16e-4866ccdd1678,1/10/2012,1/10/2012
7115ebd5-843c-4742-92f8-1b011c7e48d6,d641f3bb-ac0e-4bd0-a766-c60ef3fac8a2,bf5fadd5-09e2-4cab-83eb-f09c7c015134,11/14/2011,11/14/2011
4ccb337e-ac68-4854-a555-1b12d8864f70,89602f3f-2fe3-4709-a6cd-eb3db4b08cde,8a21ec9f-5289-49b0-b9b1-7f065223c460,2/20/2012,2/20/2012
f4d568f8-3801-47ff-a770-1b9ab36cce9e,ab4f294a-5d20-489f-af62-a90e00c867bf,2b0c35e6-ca61-43ad-8801-71b826e93c49,11/16/2011,11/16/2011
2f47ed4a-91f1-4f0f-8782-1c0221818bf8,13ffefe2-b073-40c3-8a21-de6f78267ded,8deb4155-a3b9-4b8f-9163-30b5ad859fa1,12/9/2011,12/9/2011
fc7ba2f1-5017-494f-9bc5-1c5e75813324,3a7cbb73-0a63-4562-b9cc-1c00da2c0a7f,9ee8678c-baed-4ba7-8630-c4321291f9bc,1/28/2012,1/28/2012
43310679-e330-410b-a5d6-1d0d7e7d982d,4d5dd284-5d65-4d5f-9807-b8755402a2b2,dd7aca72-40e6-4c4f-816a-570ed5bb7258,1/28/2012,1/28/2012
6c8c3729-c5ce-4ef7-bcb9-1d2d9e4a5305,77fbc613-3497-43d9-82e9-bf085662fd19,8f9fcf16-5974-4f3d-b5d3-9d016d68b586,2/20/2012,2/20/2012
0247188f-f12d-4d0f-aaf6-1e5575cdcf88,ad5971e3-cfbb-412e-94bf-78c5f7d2edd1,8b61b0cc-2ce6-44a1-ad0e-15ad577266a0,11/16/2011,11/16/2011
1e3e39ae-82e6-47e9-8f0d-1ecb79360014,8c3b2a74-4297-4261-8be6-4cd91d5574f5,128783ad-8314-49ef-9f88-3930bbb7a240,11/16/2011,11/16/2011
4a5b8630-d04c-47ba-8378-1f5942883a87,881ac771-045d-401f-b8b3-44ed57610bbf,7de4c20d-344c-49f9-9757-a7e5387c19e0,11/13/2011,11/13/2011
b3965309-b2bc-4f6a-a1b4-1fb25ccdc31d,198cf390-bade-4576-8830-581c82c49b51,13b63391-8b0c-4a7f-beb8-2e947094fe7d,11/16/2011,11/16/2011
e372129b-faf0-4ee8-8d3b-20f6a3592f87,198cf390-bade-4576-8830-581c82c49b51,39120985-9285-4c89-aba8-53bc0743e20d,11/16/2011,11/16/2011
337b81bb-f5ea-4756-9db8-217ca7e1cad4,8e709813-6461-40fa-adce-75ea2a99bd36,02b38b92-148a-4a12-92fd-bd5d98a4484c,1/21/2012,1/21/2012
b1b3384a-526c-4492-86b4-2255d7da85a9,f4d15183-e94e-40da-a97c-64c304b0bfa4,7bb9b160-8d7e-4743-b068-eda88ee8283d,12/10/2011,12/10/2011
18a992f7-2e43-4f4e-8a35-22b977114eba,e7fa32d1-9d1d-48a1-880d-96a149085db7,82570b0a-c47a-4254-9c2c-344371c603d5,12/8/2011,12/8/2011
175ebb2a-dada-44c3-a69e-233c37242e7c,aafce2f2-5fcf-4f67-a8ca-ea6fe284c5ff,b99f443f-3327-4a98-8d4c-f3dde7258e99,1/1/2012,1/1/2012
acc67f4b-92d7-4b9b-a110-240ee65d2f5b,a42e92d5-0a27-4c7b-8eb6-e13280e2fb29,110ca322-479b-40ec-b5be-f241db94e4cb,11/16/2011,11/16/2011
b26041bf-7053-4771-8bfd-2428840ee15a,fc93843b-ec9e-4d88-8fff-e09e7386fb91,c4377397-235b-4e64-968b-029bc9120caf,1/28/2012,1/28/2012
eb9a4b22-13de-4071-93f6-247883a0b495,d6e25d19-be9d-4330-86d4-059a6a5992b7,14dc67e2-70fc-4b52-b346-de2e16f49ed8,11/20/2011,11/20/2011
126e5ef2-4d2a-4583-9b25-24dca0db1b58,43dd60ec-d503-42ca-b7fd-d6c49d2ca4fd,128783ad-8314-49ef-9f88-3930bbb7a240,1/10/2012,1/10/2012
f6113105-0b2f-45a5-9f20-2600a78076a9,9a7c34b8-d080-4599-9156-bd5a9accd6b3,8f9fcf16-5974-4f3d-b5d3-9d016d68b586,1/2/2012,1/2/2012
bb32ef5b-20dd-4960-ab60-268eca5edebe,5983e8ae-618f-4bf3-b7e6-be2190251ead,b99f443f-3327-4a98-8d4c-f3dde7258e99,2/20/2012,2/20/2012
a56d663b-c373-44c3-9a56-271abf7c3ed2,9bd367b4-5edb-468d-a032-eaccdbaa79bc,a4ee87f6-89a5-45de-a4f1-dbf770e26a69,1/10/2012,1/10/2012
b280fa55-da72-407d-bf38-274a7c860049,060ff650-7440-421a-9a39-24a23f8b96bc,fbcaeed4-de12-4721-baa0-ac895e0995c1,2/3/2012,2/3/2012
45e60c39-ea55-4e42-b697-2751734230ce,b2120057-356f-4ef3-9aa6-9af8eb0d8b17,789539b3-769a-4394-b464-fb1c36a97387,12/5/2011,12/5/2011
1205701d-4bc2-4447-88d0-27c58a98184c,ecef91f8-2473-4826-9b47-e769548c5ca4,b99f443f-3327-4a98-8d4c-f3dde7258e99,12/17/2011,12/17/2011
9e2192c3-c876-4d07-8b49-294426f63d37,959d0eaa-4458-439a-92d7-86a3d8dd6c84,1b4ffb18-056b-4b2c-9c70-2acd67dfc1b5,1/28/2012,1/28/2012
d4f0afc7-a504-4841-82a0-2a7af79dca1c,e36a48ed-d373-4cff-89b6-ac9149a76a75,b99f443f-3327-4a98-8d4c-f3dde7258e99,12/17/2011,12/17/2011
81b4356a-e5a4-4a16-b065-2aa87f138bb7,875cdc36-48ae-46a0-b798-05cbc06ea236,8f9fcf16-5974-4f3d-b5d3-9d016d68b586,1/2/2012,1/2/2012
1f923289-0e1f-4264-925e-2b38ab1d54f4,ef4165e3-b78c-4cd6-a33d-4b67e0e0bf2e,b99f443f-3327-4a98-8d4c-f3dde7258e99,12/18/2011,12/18/2011
4ab5f5d0-b882-4263-94ce-2b46a86e885f,22a2343e-8036-454f-9384-91dcdb633177,8f9fcf16-5974-4f3d-b5d3-9d016d68b586,1/21/2012,1/21/2012
207461e4-043d-4131-a79e-2b9d510a696d,51d0ed84-7356-4337-ae86-28f717623165,8f9fcf16-5974-4f3d-b5d3-9d016d68b586,11/15/2011,11/15/2011
38efbec9-b067-4851-b736-2c017323687e,47fd8252-a1fe-4de2-89bd-03e3201fb5bb,095db1bf-4b12-47f7-9a25-8303e2804d95,12/17/2011,12/17/2011
0e77de08-a6bb-42a0-a9db-2d77fc5e5238,247333b1-7d29-4841-89b9-1cb7f754adab,ff0838db-5f8c-4cf9-8e45-c26f9aed5d83,11/15/2011,11/15/2011
ac3bad4f-8d4d-4975-96a3-2e40d9afd309,9bd367b4-5edb-468d-a032-eaccdbaa79bc,ca1a3dc0-8ad1-46a4-8091-817d7f6a07d8,1/10/2012,1/10/2012
633c1564-1b1f-4ef1-965e-2e8dc55e4a1e,e36a48ed-d373-4cff-89b6-ac9149a76a75,2e84102a-1f05-4283-a16e-4866ccdd1678,12/17/2011,12/17/2011
48201713-4f18-4b9b-bb82-2ecffa41a0ad,c86ba81d-df11-41d0-af14-a3ffb5b8f037,bb7c71a3-3428-4b1a-b799-305e04569b6f,12/5/2011,12/5/2011
67e1e64d-f048-4f08-a14a-30f73419d9fa,e36a48ed-d373-4cff-89b6-ac9149a76a75,128783ad-8314-49ef-9f88-3930bbb7a240,12/17/2011,12/17/2011
001e8237-e21b-46b6-b902-30fa13837081,060ff650-7440-421a-9a39-24a23f8b96bc,8f9fcf16-5974-4f3d-b5d3-9d016d68b586,2/3/2012,2/3/2012
fb9f5309-d009-47e0-9c75-312c9003ebbf,92276163-32ea-4f0b-a953-8557d3077719,8f9fcf16-5974-4f3d-b5d3-9d016d68b586,1/13/2012,1/13/2012
099bbe9b-b62b-4d96-bb7c-31450542be9a,aff0db7e-7962-4390-86a5-4590e9f05f6e,f19fce79-667d-4fbd-92a3-df0e5038c771,12/18/2011,12/18/2011
4d4d5f7e-2858-466b-8212-319173d4208f,f5c333ef-7239-43ad-92d7-874c8096948b,b99f443f-3327-4a98-8d4c-f3dde7258e99,11/28/2011,11/28/2011
023378dc-fe89-4259-9214-31a4026ef6cc,b8236d19-1794-457d-be74-a8a7ed67ddf5,bb7c71a3-3428-4b1a-b799-305e04569b6f,11/27/2011,11/27/2011
67539070-07fc-4d03-b501-32181749beee,875cdc36-48ae-46a0-b798-05cbc06ea236,14dc67e2-70fc-4b52-b346-de2e16f49ed8,1/2/2012,1/2/2012
99ce65d7-6e46-4d21-8258-323630565db3,a39636bf-ac4e-4c00-bdfb-63e83960cad0,128783ad-8314-49ef-9f88-3930bbb7a240,3/19/2012,3/19/2012
b28622f8-1840-4b1d-bb7a-324e8857acf7,b2120057-356f-4ef3-9aa6-9af8eb0d8b17,872fbb95-3402-418d-bc32-d716c661169d,12/5/2011,12/5/2011
d3f701f5-cf3d-409d-aaaf-340288cce84e,55bb2736-6866-4006-81e8-45d41eb417f6,324e1607-7cdc-483e-aca1-3254db2d7740,1/24/2012,1/24/2012
9e2bd924-babf-4803-8dfd-341fcc45c7b4,4d5dd284-5d65-4d5f-9807-b8755402a2b2,5b05f9e9-b53c-48ac-b9a7-60d2528611c4,1/28/2012,1/28/2012
554f7cc8-1547-46be-8bc1-34b52cd57eda,b675c3c4-b6b0-40e9-b812-069a09ac0616,bb7c71a3-3428-4b1a-b799-305e04569b6f,11/15/2011,11/15/2011
4f95e5c7-a284-45e8-86f5-34cc8a5b078e,247333b1-7d29-4841-89b9-1cb7f754adab,7bb9b160-8d7e-4743-b068-eda88ee8283d,11/15/2011,11/15/2011
dc6fbca3-11da-440f-a481-3595d2a3ec7d,24a443a5-8ed3-49b1-82e0-bb8877116a1c,872fbb95-3402-418d-bc32-d716c661169d,12/17/2011,12/17/2011
70ef82ba-3e3a-401f-93dd-3743a5c19d8d,24a443a5-8ed3-49b1-82e0-bb8877116a1c,078ab354-4e43-48df-8f4c-0eddefd7ea89,12/17/2011,12/17/2011
7a5f39f7-e45f-4f45-8b9a-393b7d81e191,f5c333ef-7239-43ad-92d7-874c8096948b,128783ad-8314-49ef-9f88-3930bbb7a240,11/28/2011,11/28/2011
931275fd-71c1-4257-a31e-39da389eb40e,185eed41-d4a7-4b4d-9e52-8df04cf9afb9,bb7c71a3-3428-4b1a-b799-305e04569b6f,12/12/2011,12/12/2011
8c6af3f9-5843-4223-a921-3a4f72032422,c36e4c62-6721-47e2-86d6-209ebb45c4ae,b94e5cee-388d-4673-b331-c505d26a16d7,12/8/2011,12/8/2011
17da6cd2-83cc-4d67-9d55-3a9a2187c56e,3a7cbb73-0a63-4562-b9cc-1c00da2c0a7f,dd7aca72-40e6-4c4f-816a-570ed5bb7258,1/28/2012,1/28/2012
9d158998-d7f4-4f94-9371-3b1e81012c90,0f6b8a67-5dfa-4a68-ab6c-4fe16d17fab3,872fbb95-3402-418d-bc32-d716c661169d,11/20/2011,11/20/2011
14b64205-452b-4faa-9138-3b4d615c4fa3,1fc281d1-afac-43f0-b691-42ec89e0f93e,b99f443f-3327-4a98-8d4c-f3dde7258e99,12/18/2011,12/18/2011
c14c85a3-a68d-47b8-b736-3bcbe9f85834,c1a33cb1-a66d-49df-97dc-b10c90b79fad,2e84102a-1f05-4283-a16e-4866ccdd1678,11/27/2011,11/27/2011
b632e3e8-0b96-4b99-9978-3f2ba06bb270,52077213-2ced-4b86-816e-5f6a5640e87c,fbc8ab2d-be92-42f1-b220-c0ecc5095a67,4/16/2012,4/16/2012
918760df-1d9b-43ec-9ebd-407722bcc24c,aff0db7e-7962-4390-86a5-4590e9f05f6e,7de4c20d-344c-49f9-9757-a7e5387c19e0,12/18/2011,12/18/2011
2b6fa3fd-1ff4-4a6d-8cb2-41ac76ea2b99,d6e25d19-be9d-4330-86d4-059a6a5992b7,efcdb5f1-4c59-448b-9d0d-fca8b656ae68,11/20/2011,11/20/2011
888215e9-a986-4cf8-ac5b-4292958b474c,b8236d19-1794-457d-be74-a8a7ed67ddf5,128783ad-8314-49ef-9f88-3930bbb7a240,11/27/2011,11/27/2011
b2fb709a-f9a5-4f2f-87ff-429dd846765b,aff0db7e-7962-4390-86a5-4590e9f05f6e,9953cbb4-2666-4280-b6db-2dcd5d281915,12/18/2011,12/18/2011
08389fdd-0628-4982-be46-430747761c43,9bd367b4-5edb-468d-a032-eaccdbaa79bc,14dc67e2-70fc-4b52-b346-de2e16f49ed8,1/10/2012,1/10/2012
1f555b72-a407-4009-b7c1-433a7df04e87,e7fa32d1-9d1d-48a1-880d-96a149085db7,b99f443f-3327-4a98-8d4c-f3dde7258e99,12/8/2011,12/8/2011
35418ef4-5bce-41d5-bff8-4359a4cc3a17,64809448-c746-4dad-ac7f-a6d4b5122475,596a4162-23f5-43af-a54c-526a614f8352,1/8/2012,1/8/2012
936fbeb0-3c94-416d-ba82-4512723d17c0,54acce62-49ad-4de9-a68c-f64f311d5c6f,324e1607-7cdc-483e-aca1-3254db2d7740,1/24/2012,1/24/2012
77627fd2-e0ed-4079-a57d-4538f0855863,7d4aa91d-0583-42b0-818c-93e1637af17e,b99f443f-3327-4a98-8d4c-f3dde7258e99,12/12/2011,12/12/2011
9aa2ba89-46e8-4c71-89cd-461fbbf063f1,41f47112-7089-4cc2-8fdc-15054ccd222a,14dc67e2-70fc-4b52-b346-de2e16f49ed8,12/8/2011,12/8/2011
466e4668-5a48-4028-92c5-4649d4af5e75,185eed41-d4a7-4b4d-9e52-8df04cf9afb9,13b63391-8b0c-4a7f-beb8-2e947094fe7d,12/12/2011,12/12/2011
2db6b212-d760-4bb1-83bd-479ab31b3d22,7962c7c6-2976-45cf-b062-2dc2bf181dee,df231d3e-b77e-4bb5-b371-7d6af891cc48,11/28/2011,11/28/2011
d510a51a-5765-449e-8436-488b8cda4dbe,0e615bf5-a966-4e8d-a924-15a68557d16f,7bb9b160-8d7e-4743-b068-eda88ee8283d,11/22/2011,11/22/2011
0d05271a-c137-4383-b0b0-48a7ebf725e6,4d5dd284-5d65-4d5f-9807-b8755402a2b2,15c635ce-3479-449e-b352-8d6d55d2f3f8,1/28/2012,1/28/2012
b209e9d7-5035-4fbd-a3fa-48e0287d4fdf,5ce19075-2df0-4f51-bff3-c689599185be,078ab354-4e43-48df-8f4c-0eddefd7ea89,2/3/2012,2/3/2012
d460f286-7fe4-44bb-bab1-496be3373eac,247333b1-7d29-4841-89b9-1cb7f754adab,7de4c20d-344c-49f9-9757-a7e5387c19e0,11/15/2011,11/15/2011
af2967d7-541e-434c-a56d-4995265ca854,fec886e7-ea30-47c6-a603-0e2ffffb7d6d,7de4c20d-344c-49f9-9757-a7e5387c19e0,3/6/2012,3/6/2012
5606df76-91f2-488c-bc44-4b86b93e00ac,fea7aea7-551f-4959-917c-11da816da6a9,e3f4fc4a-5607-4615-9654-458a40f4462e,11/27/2011,11/27/2011
32a02bb6-6aa3-4b77-9df7-4ce672f6cf7c,818614fe-a63d-4567-997a-46aa100a3a00,b99f443f-3327-4a98-8d4c-f3dde7258e99,1/28/2012,1/28/2012
cbc6d09a-ad72-46b6-9c9c-4d688fb685ee,8c3b2a74-4297-4261-8be6-4cd91d5574f5,bb7c71a3-3428-4b1a-b799-305e04569b6f,11/16/2011,11/16/2011
160f24ac-3872-43d9-a25e-4db6879fb652,53313081-dcd0-433b-aec0-6ac151ce6dfa,128783ad-8314-49ef-9f88-3930bbb7a240,12/18/2011,12/18/2011
085297b8-df2e-43ab-9c06-4effc0ff16a8,881ac771-045d-401f-b8b3-44ed57610bbf,872fbb95-3402-418d-bc32-d716c661169d,11/13/2011,11/13/2011
667a2c2f-02d1-4110-8945-4ff7ef690adf,3a7cbb73-0a63-4562-b9cc-1c00da2c0a7f,2a8dc2c1-a343-47e0-8021-7d60b32e9e58,1/28/2012,1/28/2012
95875734-b359-4446-a77c-51c166d3fab5,c36e4c62-6721-47e2-86d6-209ebb45c4ae,128783ad-8314-49ef-9f88-3930bbb7a240,12/8/2011,12/8/2011
78c8761b-6dc9-4f07-8fd7-51eeed3bb698,185eed41-d4a7-4b4d-9e52-8df04cf9afb9,b99f443f-3327-4a98-8d4c-f3dde7258e99,12/12/2011,12/12/2011
4da13e7c-bd6b-4ba6-9020-5246465b0332,43dd60ec-d503-42ca-b7fd-d6c49d2ca4fd,bb7c71a3-3428-4b1a-b799-305e04569b6f,1/10/2012,1/10/2012
84c2a092-198b-487e-a1f1-528e1aeee3b5,414529cb-4173-473c-9e02-713e53d5eefd,f5ad9693-f00a-460d-b619-03b6d171951d,11/26/2011,11/26/2011
7d106c6c-ca87-4633-8ffc-5331ae727306,818614fe-a63d-4567-997a-46aa100a3a00,7de4c20d-344c-49f9-9757-a7e5387c19e0,1/28/2012,1/28/2012
dc989b00-a7fc-431c-b14e-53868f190844,3a7cbb73-0a63-4562-b9cc-1c00da2c0a7f,15c635ce-3479-449e-b352-8d6d55d2f3f8,1/28/2012,1/28/2012
ba259702-7771-4338-bcba-54f757c73bf9,91c2d3da-b517-4405-80e5-7df68d7af06b,2e84102a-1f05-4283-a16e-4866ccdd1678,1/3/2012,1/3/2012
f46c39f8-5b46-436f-b33d-564d698a88b2,b2120057-356f-4ef3-9aa6-9af8eb0d8b17,8b61b0cc-2ce6-44a1-ad0e-15ad577266a0,12/5/2011,12/5/2011
bfcfdf24-07ac-4bb6-ad78-565c1953ab6f,96ef2f1c-6d9a-42ca-8dfa-25fb4bab4659,078ab354-4e43-48df-8f4c-0eddefd7ea89,12/17/2011,12/17/2011
9749963e-aa00-4594-a936-56cad74ac8a1,decb7adc-30ef-4cc3-b635-339b7e2da8f3,53ae59db-d12d-402a-ba4a-e0383e20cb6d,1/2/2012,1/2/2012
ed523b84-b45b-4c23-b7fe-570f1776763a,e33d04da-b288-44c2-b1cd-bea4c5de02fb,b99f443f-3327-4a98-8d4c-f3dde7258e99,1/1/2012,1/1/2012
b317c8d7-26a3-4271-aa21-576837a6da24,9a7c34b8-d080-4599-9156-bd5a9accd6b3,14dc67e2-70fc-4b52-b346-de2e16f49ed8,1/2/2012,1/2/2012
247672cf-1534-4676-bb50-58b4ead649d8,56a28650-f550-4fce-9602-5b06fcd64289,b99f443f-3327-4a98-8d4c-f3dde7258e99,1/21/2012,1/21/2012
ecc34bc9-1b33-43a9-a701-58cc11cb3757,11adc6c5-f0af-42b9-8b08-fc7e0874241d,14dc67e2-70fc-4b52-b346-de2e16f49ed8,11/27/2011,11/27/2011
631e3797-6c1f-4dce-8d5c-58f8bdaf10ee,53313081-dcd0-433b-aec0-6ac151ce6dfa,2a8dc2c1-a343-47e0-8021-7d60b32e9e58,12/18/2011,12/18/2011
01dce9e9-3307-47ed-ade9-5912ce105630,d641f3bb-ac0e-4bd0-a766-c60ef3fac8a2,14dc67e2-70fc-4b52-b346-de2e16f49ed8,11/14/2011,11/14/2011
34fee49b-d4f2-410b-b8bc-59e7e754c20f,fc93843b-ec9e-4d88-8fff-e09e7386fb91,872fbb95-3402-418d-bc32-d716c661169d,1/28/2012,1/28/2012
052b296a-2029-4267-b3fb-5a533ba22224,247333b1-7d29-4841-89b9-1cb7f754adab,2a8dc2c1-a343-47e0-8021-7d60b32e9e58,11/15/2011,11/15/2011
ebaacda8-ea97-4b5f-9bc3-5ac348e53819,3a584be9-79e0-455d-bcce-9e3026ee092d,14dc67e2-70fc-4b52-b346-de2e16f49ed8,11/16/2011,11/16/2011
25c602dc-14d9-43a5-821c-5b38538bdcb7,47fd8252-a1fe-4de2-89bd-03e3201fb5bb,2e84102a-1f05-4283-a16e-4866ccdd1678,12/17/2011,12/17/2011
0b5b1cf5-f6e7-46e3-b740-5c7b3991eabc,22a2343e-8036-454f-9384-91dcdb633177,b99f443f-3327-4a98-8d4c-f3dde7258e99,1/21/2012,1/21/2012
0302a8f5-8a03-47d7-a188-5d2af98c117e,9bd367b4-5edb-468d-a032-eaccdbaa79bc,872fbb95-3402-418d-bc32-d716c661169d,1/10/2012,1/10/2012
933260be-e9e2-425c-a38f-5dbda76b535f,385da697-ea5c-46a7-a697-466018b403ff,872fbb95-3402-418d-bc32-d716c661169d,11/30/2011,11/30/2011
45654e25-2c6a-4266-90bd-5ddafd407250,b0da4347-9133-4a5f-9c6f-5cf9a36f2e03,f402716b-20a3-4bf1-8dbd-d9fab9d266b4,11/13/2011,11/13/2011
423a1f46-c68a-45c5-9260-5de05c6f7e19,060ff650-7440-421a-9a39-24a23f8b96bc,a4ee87f6-89a5-45de-a4f1-dbf770e26a69,2/3/2012,2/3/2012
a3a558a8-e4e5-4d56-a9a7-5e0235b57d5b,3719d862-52be-4331-b6d5-be3c0077bf1e,128783ad-8314-49ef-9f88-3930bbb7a240,12/12/2011,12/12/2011
73edcade-10a3-4ef7-9bca-5e0800b7e3f2,5495decb-ac90-48f2-909b-7d814541a854,13b63391-8b0c-4a7f-beb8-2e947094fe7d,1/21/2012,1/21/2012
71b990dc-b667-495b-98c8-5f4fe717d2ea,92276163-32ea-4f0b-a953-8557d3077719,7de4c20d-344c-49f9-9757-a7e5387c19e0,1/13/2012,1/13/2012
982eac35-1343-416d-a231-61063d54ec01,96ef2f1c-6d9a-42ca-8dfa-25fb4bab4659,110ca322-479b-40ec-b5be-f241db94e4cb,12/17/2011,12/17/2011
0294670c-7438-4aac-ae3b-61815a7ccca5,9a7c34b8-d080-4599-9156-bd5a9accd6b3,872fbb95-3402-418d-bc32-d716c661169d,1/2/2012,1/2/2012
4ff56241-890a-4858-bcf1-61a4b3580897,790a8836-5cd9-4fba-bddf-a674e558baa0,110ca322-479b-40ec-b5be-f241db94e4cb,11/13/2011,11/13/2011
9168b134-316e-44ae-8433-61d6c5905ef0,8e709813-6461-40fa-adce-75ea2a99bd36,ff0838db-5f8c-4cf9-8e45-c26f9aed5d83,1/21/2012,1/21/2012
83661023-9dd1-438e-8b2a-6334e7b8722d,43dd60ec-d503-42ca-b7fd-d6c49d2ca4fd,078ab354-4e43-48df-8f4c-0eddefd7ea89,1/10/2012,1/10/2012
ef2391f2-df5e-4bae-8914-63c4a22c2da0,2d939f65-0b09-4821-93e2-5b76346f0f31,724249bf-cd32-4f86-b216-406db1fceca5,3/19/2012,3/19/2012
ef4ba5f9-39f4-4cdb-b928-65d7486f634c,0f625d1c-932c-4613-9242-a3003b04d642,2e84102a-1f05-4283-a16e-4866ccdd1678,11/15/2011,11/15/2011
9a94d8f7-0902-40ba-9be5-670cc55f0190,56a28650-f550-4fce-9602-5b06fcd64289,fdda5389-c4a5-45e8-b27c-5eb7a684edcf,1/21/2012,1/21/2012
7d572192-ee7c-4a8e-91cb-6713f1a78652,52077213-2ced-4b86-816e-5f6a5640e87c,128783ad-8314-49ef-9f88-3930bbb7a240,4/16/2012,4/16/2012
749a57c2-71c4-42df-96d4-67430833af6b,64809448-c746-4dad-ac7f-a6d4b5122475,42fe4c63-2350-4674-8d00-e8d3c636a71e,1/8/2012,1/8/2012
aabc4a72-4c83-4e53-a6a6-67a99a38069c,060ff650-7440-421a-9a39-24a23f8b96bc,2e84102a-1f05-4283-a16e-4866ccdd1678,2/3/2012,2/3/2012
b89b1979-3261-4e30-b031-67dd4955ed4f,3a7cbb73-0a63-4562-b9cc-1c00da2c0a7f,c4377397-235b-4e64-968b-029bc9120caf,1/28/2012,1/28/2012
a66a7fb0-534a-4624-99d3-683b7a49cfdf,818614fe-a63d-4567-997a-46aa100a3a00,dd7aca72-40e6-4c4f-816a-570ed5bb7258,1/28/2012,1/28/2012
0bf38eeb-a07c-494b-90e2-6855c5b95460,c36e4c62-6721-47e2-86d6-209ebb45c4ae,872fbb95-3402-418d-bc32-d716c661169d,12/8/2011,12/8/2011
36ec984f-5116-49c9-ae2f-689ec7b3e86f,4a2d023a-2176-47d0-ae9e-193631a89fb7,8f9fcf16-5974-4f3d-b5d3-9d016d68b586,2/20/2012,2/20/2012
ec89cee9-faa7-47f5-91cf-68a1db7c3617,ded066c0-e61d-4828-a788-28892f57bcb1,ca1a3dc0-8ad1-46a4-8091-817d7f6a07d8,11/23/2011,11/23/2011
b2938c7d-0a08-4737-b978-69587681e291,4d5dd284-5d65-4d5f-9807-b8755402a2b2,1314183b-a6e0-44cf-9c82-f69e94ed733d,1/28/2012,1/28/2012
9dd5cd72-a47c-44a5-ac51-6b61cdddadf5,47fd8252-a1fe-4de2-89bd-03e3201fb5bb,14dc67e2-70fc-4b52-b346-de2e16f49ed8,12/17/2011,12/17/2011
e279cf6c-da84-4d6b-b250-6cda005fdc38,d6e25d19-be9d-4330-86d4-059a6a5992b7,ca1a3dc0-8ad1-46a4-8091-817d7f6a07d8,11/20/2011,11/20/2011
32f55135-a94c-4bea-9f91-6d2fb123e6c7,500da090-ae13-423e-96c2-df627f0beead,efcdb5f1-4c59-448b-9d0d-fca8b656ae68,12/9/2011,12/9/2011
a29565a8-8df6-4b64-bf37-6f03ce4ecb7d,f1210774-216b-44fc-9694-ae9be022876d,f5ad9693-f00a-460d-b619-03b6d171951d,11/13/2011,11/13/2011
ee52b269-4812-4e08-93bc-6f1b8fba8443,94cbbea8-93b1-48b5-bc21-3c6a1b173d38,6afaa3ba-5e54-4307-aad2-48784ab2b9e0,1/3/2012,1/3/2012
1c752dd7-4144-4221-950c-701523469472,92276163-32ea-4f0b-a953-8557d3077719,14dc67e2-70fc-4b52-b346-de2e16f49ed8,1/13/2012,1/13/2012
7ecd5ac1-a0e2-4be1-8fb6-71cc5f96262a,87915b94-b17f-4914-ab03-cdefcfc788a0,b99f443f-3327-4a98-8d4c-f3dde7258e99,12/19/2011,12/19/2011
62fa52f3-28b0-47a4-ade4-737d0a344bb0,47fd8252-a1fe-4de2-89bd-03e3201fb5bb,efcdb5f1-4c59-448b-9d0d-fca8b656ae68,12/17/2011,12/17/2011
0df8654f-90b5-4d40-88c5-73f5e9962f87,41f47112-7089-4cc2-8fdc-15054ccd222a,ca1a3dc0-8ad1-46a4-8091-817d7f6a07d8,12/8/2011,12/8/2011
4559c3eb-6de0-433d-a4ff-75b47865a21e,55335e42-6005-498d-9890-6d71246c0872,ca1a3dc0-8ad1-46a4-8091-817d7f6a07d8,11/16/2011,11/16/2011
804af998-5e0f-48e4-adb6-75bbb2d70304,6104035d-ae8f-4346-bbf1-07a34b439747,2a8dc2c1-a343-47e0-8021-7d60b32e9e58,12/10/2011,12/10/2011
c2203762-e5a9-43f8-bc09-7653d4daef2a,3a7cbb73-0a63-4562-b9cc-1c00da2c0a7f,1314183b-a6e0-44cf-9c82-f69e94ed733d,1/28/2012,1/28/2012
67fd91db-99d3-4118-8d1e-7670a466ddfe,9a7c34b8-d080-4599-9156-bd5a9accd6b3,a4ee87f6-89a5-45de-a4f1-dbf770e26a69,1/2/2012,1/2/2012
f61e9a87-fb8a-4e80-80da-76f3b5238edc,0f625d1c-932c-4613-9242-a3003b04d642,8f9fcf16-5974-4f3d-b5d3-9d016d68b586,11/15/2011,11/15/2011
89fe8692-ce4f-4e07-ac10-7769df1b2f89,f7d3c790-66de-4ec2-bade-119c96845b01,6c9f9014-1892-47c2-b625-43462e450983,2/20/2012,2/20/2012
3c7ac06e-ba38-4f14-8617-7a51f9634e27,24a443a5-8ed3-49b1-82e0-bb8877116a1c,bb7c71a3-3428-4b1a-b799-305e04569b6f,12/17/2011,12/17/2011
2d1640ae-cc95-4c20-9d07-7af28f1d952a,51d0ed84-7356-4337-ae86-28f717623165,2e84102a-1f05-4283-a16e-4866ccdd1678,11/15/2011,11/15/2011
81ff6efe-a64c-4960-8f51-7bfa4b81d674,24a443a5-8ed3-49b1-82e0-bb8877116a1c,110ca322-479b-40ec-b5be-f241db94e4cb,12/17/2011,12/17/2011
61c60665-bdc2-4b88-b451-7c55965706e9,51d0ed84-7356-4337-ae86-28f717623165,14dc67e2-70fc-4b52-b346-de2e16f49ed8,11/15/2011,11/15/2011
96e2fbc3-a7fa-4e37-bfcd-7c80d52f1f9c,9e077426-5f65-4f8c-92a1-99c360150f5f,8f9fcf16-5974-4f3d-b5d3-9d016d68b586,11/13/2011,11/13/2011
fb73d8d6-df83-475a-bad8-7c8624f061a4,43dd60ec-d503-42ca-b7fd-d6c49d2ca4fd,2e84102a-1f05-4283-a16e-4866ccdd1678,1/10/2012,1/10/2012
a0f91f5a-6321-4020-9127-7f8b1a554c2b,62511f46-19a8-4d5a-a9c9-efd4d625fcbd,2b0c35e6-ca61-43ad-8801-71b826e93c49,11/13/2011,11/13/2011
7b43d73c-7e80-4de8-aa89-80fef6176c44,3f57ec8a-784e-4439-9f0c-d1c77cee70c5,b99f443f-3327-4a98-8d4c-f3dde7258e99,12/17/2011,12/17/2011
e4b3d713-d4e5-44d5-aa2e-8116abd6f401,a39636bf-ac4e-4c00-bdfb-63e83960cad0,2a8dc2c1-a343-47e0-8021-7d60b32e9e58,3/19/2012,3/19/2012
5cff2cbc-337c-4702-933c-820d9f567f41,55bb2736-6866-4006-81e8-45d41eb417f6,128783ad-8314-49ef-9f88-3930bbb7a240,1/24/2012,1/24/2012
436640b2-88f9-484d-a98c-821d0a0533a7,a7134da6-844b-48ec-9362-a6aaf38f6d5b,872fbb95-3402-418d-bc32-d716c661169d,1/28/2012,1/28/2012
ac3c077c-999d-41d4-a77c-824d9e089b85,ded066c0-e61d-4828-a788-28892f57bcb1,128783ad-8314-49ef-9f88-3930bbb7a240,11/23/2011,11/23/2011
d8f25b74-d327-42ea-abbb-8303e7961e1f,b2120057-356f-4ef3-9aa6-9af8eb0d8b17,7de4c20d-344c-49f9-9757-a7e5387c19e0,12/5/2011,12/5/2011
f8fa380b-44e3-499f-a82b-84a3b4ae4082,f5c333ef-7239-43ad-92d7-874c8096948b,bb7c71a3-3428-4b1a-b799-305e04569b6f,11/28/2011,11/28/2011
7d8a85d9-7c93-4650-929f-85cf2b7a0940,aafce2f2-5fcf-4f67-a8ca-ea6fe284c5ff,128783ad-8314-49ef-9f88-3930bbb7a240,1/1/2012,1/1/2012
0b9533fe-8648-4b95-a426-85daad8954c9,41f47112-7089-4cc2-8fdc-15054ccd222a,6afaa3ba-5e54-4307-aad2-48784ab2b9e0,12/8/2011,12/8/2011
c095faf8-7619-4097-ad51-85ed0175aeb6,87915b94-b17f-4914-ab03-cdefcfc788a0,2e84102a-1f05-4283-a16e-4866ccdd1678,12/19/2011,12/19/2011
d3f92c8a-99df-4675-b3f0-8685b456de00,b6574b9d-73c6-4af3-9939-2750a5bfe1f1,8f9fcf16-5974-4f3d-b5d3-9d016d68b586,11/29/2011,11/29/2011
2ecdd477-d24a-4744-81d7-869fe5897547,89602f3f-2fe3-4709-a6cd-eb3db4b08cde,4b0f43fc-cfba-4a61-9619-04dc12f22792,2/20/2012,2/20/2012
b7f85d80-5c0e-4ebc-a79f-86b5dc3bad27,43dd60ec-d503-42ca-b7fd-d6c49d2ca4fd,a4ee87f6-89a5-45de-a4f1-dbf770e26a69,1/10/2012,1/10/2012
23ee54fb-8f65-4200-b8f7-871a39a7e422,185eed41-d4a7-4b4d-9e52-8df04cf9afb9,128783ad-8314-49ef-9f88-3930bbb7a240,12/12/2011,12/12/2011
9e0cfe0a-233f-419f-802b-8767710066a2,54acce62-49ad-4de9-a68c-f64f311d5c6f,7de4c20d-344c-49f9-9757-a7e5387c19e0,1/24/2012,1/24/2012
412015ed-4537-41cf-a92d-8849d59076f7,959d0eaa-4458-439a-92d7-86a3d8dd6c84,128783ad-8314-49ef-9f88-3930bbb7a240,1/28/2012,1/28/2012
b7301b8a-6a7b-422a-8f73-88c902068d9c,3a7cbb73-0a63-4562-b9cc-1c00da2c0a7f,7bb9b160-8d7e-4743-b068-eda88ee8283d,1/28/2012,1/28/2012
65981a71-33f5-411a-9a70-894333d61cb5,50cf98c2-2100-4e43-926f-46420a6700f4,b99f443f-3327-4a98-8d4c-f3dde7258e99,1/28/2012,1/28/2012
887e2812-c083-495a-a1f1-89c876472ec9,9335a872-fd4c-40f0-a6d4-f47f5d56033a,110ca322-479b-40ec-b5be-f241db94e4cb,1/21/2012,1/21/2012
061db50d-50e6-4f6a-a615-8a6365b45112,6104035d-ae8f-4346-bbf1-07a34b439747,ca1a3dc0-8ad1-46a4-8091-817d7f6a07d8,12/10/2011,12/10/2011
0a3bda77-1ad0-403d-9621-8a6f24255a7a,c3750e51-bf29-40dd-b2b8-e751929380b4,b99f443f-3327-4a98-8d4c-f3dde7258e99,11/13/2011,11/13/2011
1f89cd83-ac36-44b9-a986-8bdcc0fb812e,f4d15183-e94e-40da-a97c-64c304b0bfa4,ca1a3dc0-8ad1-46a4-8091-817d7f6a07d8,12/10/2011,12/10/2011
33e3b5e8-016d-44e2-b4d6-8c7d8752fa6d,3a584be9-79e0-455d-bcce-9e3026ee092d,872fbb95-3402-418d-bc32-d716c661169d,11/16/2011,11/16/2011
822ce960-a49d-4b19-a5eb-8c808b440bb9,875cdc36-48ae-46a0-b798-05cbc06ea236,726044d8-e18b-48cf-ac04-2d784b60eec9,1/2/2012,1/2/2012
9ae39547-7eb5-4d9d-a30e-8ca66ea2d9c4,a7134da6-844b-48ec-9362-a6aaf38f6d5b,8f9fcf16-5974-4f3d-b5d3-9d016d68b586,1/28/2012,1/28/2012
b8be2bfd-2e0c-4b22-870b-8cc1278dfff6,fc4334ae-dbd0-4725-85f8-f62339ff60fa,8f9fcf16-5974-4f3d-b5d3-9d016d68b586,12/8/2011,12/8/2011
6292beab-cb20-4799-878d-8e4f5ea27439,92276163-32ea-4f0b-a953-8557d3077719,872fbb95-3402-418d-bc32-d716c661169d,1/13/2012,1/13/2012
d7f20016-828e-4580-8890-8ed5fb129816,f4d15183-e94e-40da-a97c-64c304b0bfa4,82570b0a-c47a-4254-9c2c-344371c603d5,12/10/2011,12/10/2011
232817c6-cf77-448b-9b42-91810c385181,9a7c34b8-d080-4599-9156-bd5a9accd6b3,bb7c71a3-3428-4b1a-b799-305e04569b6f,1/2/2012,1/2/2012
d6ab7d60-453e-47ed-9a33-9192ac43e3d1,1fc281d1-afac-43f0-b691-42ec89e0f93e,128783ad-8314-49ef-9f88-3930bbb7a240,12/18/2011,12/18/2011
a7d5959f-94a9-445d-87a4-943f4cc375b1,e7fa32d1-9d1d-48a1-880d-96a149085db7,2a8dc2c1-a343-47e0-8021-7d60b32e9e58,12/8/2011,12/8/2011
5b86f3d3-853f-40cd-92a2-949afcf7552d,1fc281d1-afac-43f0-b691-42ec89e0f93e,b94e5cee-388d-4673-b331-c505d26a16d7,12/18/2011,12/18/2011
a370a68b-18b6-4c5a-903b-94a1598f753e,f7d3c790-66de-4ec2-bade-119c96845b01,4b0f43fc-cfba-4a61-9619-04dc12f22792,2/20/2012,2/20/2012
df653a46-1c3c-4e14-8e9c-950e1c8843b8,77fbc613-3497-43d9-82e9-bf085662fd19,bb7c71a3-3428-4b1a-b799-305e04569b6f,2/20/2012,2/20/2012
f9ca794d-8671-402e-b6e5-9670634f2f22,f4d15183-e94e-40da-a97c-64c304b0bfa4,14dc67e2-70fc-4b52-b346-de2e16f49ed8,12/10/2011,12/10/2011
3af5bd7b-1ac5-42bf-8711-970dac9ecfa0,50cf98c2-2100-4e43-926f-46420a6700f4,ca1a3dc0-8ad1-46a4-8091-817d7f6a07d8,1/28/2012,1/28/2012
126d483e-2099-4a85-a28e-97190ac50297,a42e92d5-0a27-4c7b-8eb6-e13280e2fb29,726044d8-e18b-48cf-ac04-2d784b60eec9,11/16/2011,11/16/2011
2bbb5ca9-1280-4dab-8eef-97b56ae54ebd,4fd4a2e1-dadb-4e80-a3d4-1f90ca2701f1,8d9e0947-4cbd-439a-92f8-571f1daf4385,2/20/2012,2/20/2012
cc47192b-5151-4e15-be87-990814d7852f,24a443a5-8ed3-49b1-82e0-bb8877116a1c,b99f443f-3327-4a98-8d4c-f3dde7258e99,12/17/2011,12/17/2011
e569341c-c4c3-4629-8401-9920ec5ea4e2,c86ba81d-df11-41d0-af14-a3ffb5b8f037,128783ad-8314-49ef-9f88-3930bbb7a240,12/5/2011,12/5/2011
bcfd61dc-48ea-4581-af24-994a9f66c602,c0bc6dc9-c643-4342-956b-08fa513d2032,7de4c20d-344c-49f9-9757-a7e5387c19e0,11/13/2011,11/13/2011
89cb2709-f7ca-4b6c-8f2b-9a5c3c511cf3,0a5eeb17-5c29-4d9c-85f3-117c680c6819,128783ad-8314-49ef-9f88-3930bbb7a240,2/3/2012,2/3/2012
359064cf-78c3-4ec2-90e2-9afa1632ad03,c629a147-a1b8-4aa9-bf78-d146a6086e72,8f9fcf16-5974-4f3d-b5d3-9d016d68b586,11/13/2011,11/13/2011
559374e1-d8ee-4faf-bec6-9df6b1af3343,d10299da-fd2c-4704-a50c-c37dcef077ec,128783ad-8314-49ef-9f88-3930bbb7a240,11/15/2011,11/15/2011
08251534-75e0-4a53-93b1-9f0be8862b7a,5ce19075-2df0-4f51-bff3-c689599185be,128783ad-8314-49ef-9f88-3930bbb7a240,2/3/2012,2/3/2012
0698d6f2-eacb-4c81-9f6f-9f4c3b44e700,ecef91f8-2473-4826-9b47-e769548c5ca4,b94e5cee-388d-4673-b331-c505d26a16d7,12/17/2011,12/17/2011
150cd3ab-e173-4f7f-8604-a1217219bbf0,6104035d-ae8f-4346-bbf1-07a34b439747,82570b0a-c47a-4254-9c2c-344371c603d5,12/10/2011,12/10/2011
2f33065c-7ec9-4195-a5ba-a2466c19ff14,ded066c0-e61d-4828-a788-28892f57bcb1,7bb9b160-8d7e-4743-b068-eda88ee8283d,11/23/2011,11/23/2011
f2964549-924a-4406-ab5e-a2a19f28b73c,7962c7c6-2976-45cf-b062-2dc2bf181dee,b94e5cee-388d-4673-b331-c505d26a16d7,11/28/2011,11/28/2011
5242975a-efb4-4140-aad8-a46acfb8a583,b0da4347-9133-4a5f-9c6f-5cf9a36f2e03,f5ad9693-f00a-460d-b619-03b6d171951d,11/13/2011,11/13/2011
b1d2c668-e734-4cbc-9bd7-a4b08fb9ba00,4fd4a2e1-dadb-4e80-a3d4-1f90ca2701f1,4b0f43fc-cfba-4a61-9619-04dc12f22792,2/20/2012,2/20/2012
60098760-05c3-457e-ac75-a57af32d9b83,ed2880a9-7747-4646-abe7-184ec1fe5fb0,b99f443f-3327-4a98-8d4c-f3dde7258e99,1/21/2012,1/21/2012
259e64d9-121e-4c82-baba-a5dacf34d98a,6558f7b9-2803-4a9c-90c2-9caae0bbbb77,324e1607-7cdc-483e-aca1-3254db2d7740,11/26/2011,11/26/2011
fd71c36a-ca8d-4e28-ba73-a604846990e8,3a7cbb73-0a63-4562-b9cc-1c00da2c0a7f,2e84102a-1f05-4283-a16e-4866ccdd1678,1/28/2012,1/28/2012
c8453baa-d27f-4516-a3d3-a66b97c8d1c9,94cbbea8-93b1-48b5-bc21-3c6a1b173d38,2e84102a-1f05-4283-a16e-4866ccdd1678,1/3/2012,1/3/2012
48565bc9-a5c2-488b-b533-a730bdcbed21,efe58b9a-e5ff-4fff-9280-dd4d654ecd1f,14dc67e2-70fc-4b52-b346-de2e16f49ed8,11/13/2011,11/13/2011
afabe72a-8811-4555-ad39-a840056d458a,aff0db7e-7962-4390-86a5-4590e9f05f6e,2a8dc2c1-a343-47e0-8021-7d60b32e9e58,12/18/2011,12/18/2011
9a77608e-3097-4bfe-b411-a8ba2c7bb17e,aff0db7e-7962-4390-86a5-4590e9f05f6e,872fbb95-3402-418d-bc32-d716c661169d,12/18/2011,12/18/2011
0dce494e-1b10-4546-814c-aaa249e43b52,fc93843b-ec9e-4d88-8fff-e09e7386fb91,8a21ec9f-5289-49b0-b9b1-7f065223c460,1/28/2012,1/28/2012
d004feee-a2e1-4ef7-a0e2-ab932d0f69b5,c36e4c62-6721-47e2-86d6-209ebb45c4ae,7de4c20d-344c-49f9-9757-a7e5387c19e0,12/8/2011,12/8/2011
50d2e82a-2c46-4b4f-a996-abcde944ca23,13ffefe2-b073-40c3-8a21-de6f78267ded,b99f443f-3327-4a98-8d4c-f3dde7258e99,12/9/2011,12/9/2011
8c9374ca-e16c-44ec-bd10-ad4fcf195fb6,69c981d0-35a4-4216-ae87-07f5b360d4ed,bb63a209-0be1-4804-ad21-2d7597a96f63,11/13/2011,11/13/2011
f626d538-a9ee-4667-9c84-ae39ccba0a37,385da697-ea5c-46a7-a697-466018b403ff,8a21ec9f-5289-49b0-b9b1-7f065223c460,11/30/2011,11/30/2011
4d03c537-8239-44f2-92c3-af873f74b4eb,2d939f65-0b09-4821-93e2-5b76346f0f31,872fbb95-3402-418d-bc32-d716c661169d,3/19/2012,3/19/2012
372dc734-41ea-4086-9a78-afb8e0542af3,69dac872-4bad-4b76-a869-a72b3e98448b,872fbb95-3402-418d-bc32-d716c661169d,11/20/2011,11/20/2011
dfe7ace9-ad36-4e02-b4f4-afc3ec76b9ba,a39636bf-ac4e-4c00-bdfb-63e83960cad0,fbc8ab2d-be92-42f1-b220-c0ecc5095a67,3/19/2012,3/19/2012
f1406fdc-5a10-42ce-b06c-b1fcabfa88b9,f4d15183-e94e-40da-a97c-64c304b0bfa4,a4ee87f6-89a5-45de-a4f1-dbf770e26a69,12/10/2011,12/10/2011
d21805b7-7f8d-4c4a-aaa8-b2122add8f5a,500da090-ae13-423e-96c2-df627f0beead,2e84102a-1f05-4283-a16e-4866ccdd1678,12/9/2011,12/9/2011
e178423d-4d80-4283-bbc2-b25499c45890,46dbc170-4a12-439b-be21-3772eec41aa2,596a4162-23f5-43af-a54c-526a614f8352,11/16/2011,11/16/2011
8fc7fddb-3deb-4ce9-a4b2-b364eae5b230,a7134da6-844b-48ec-9362-a6aaf38f6d5b,9ee8678c-baed-4ba7-8630-c4321291f9bc,1/28/2012,1/28/2012
8d6a7d6a-1897-46db-b648-b3bca651ea74,bcc9df5b-a5e0-4105-9510-a890ec1e2b25,128783ad-8314-49ef-9f88-3930bbb7a240,12/19/2011,12/19/2011
88927205-3f71-46a3-823e-b3fb9fb1cfbb,22a2343e-8036-454f-9384-91dcdb633177,7de4c20d-344c-49f9-9757-a7e5387c19e0,1/21/2012,1/21/2012
7a3a70c3-1745-4de9-8a97-b4b8ae14dcce,94cbbea8-93b1-48b5-bc21-3c6a1b173d38,095db1bf-4b12-47f7-9a25-8303e2804d95,1/3/2012,1/3/2012
f1eaa178-ea42-4af5-8375-b6139f8a9ac1,9bd367b4-5edb-468d-a032-eaccdbaa79bc,128783ad-8314-49ef-9f88-3930bbb7a240,1/10/2012,1/10/2012
c0f8dd75-56bc-4eaa-9f32-b82b3108ec19,96ef2f1c-6d9a-42ca-8dfa-25fb4bab4659,128783ad-8314-49ef-9f88-3930bbb7a240,12/17/2011,12/17/2011
b692dccd-96b8-48a3-ba11-b8a13b718d22,fde30bbf-f8d6-4126-99f8-754b3d6f5747,2e84102a-1f05-4283-a16e-4866ccdd1678,11/16/2011,11/16/2011
6ff18c34-3c02-4f9b-b005-bbdc85457202,a42e92d5-0a27-4c7b-8eb6-e13280e2fb29,7bb9b160-8d7e-4743-b068-eda88ee8283d,11/16/2011,11/16/2011
fd0a91de-a5b3-40db-ae9f-bd42c618f8c3,6104035d-ae8f-4346-bbf1-07a34b439747,7bb9b160-8d7e-4743-b068-eda88ee8283d,12/10/2011,12/10/2011
a6d87c21-077a-42a5-b3e8-bd6f536769c5,4d5dd284-5d65-4d5f-9807-b8755402a2b2,9ee8678c-baed-4ba7-8630-c4321291f9bc,1/28/2012,1/28/2012
6bdc485f-8e2c-4c95-acca-be30c094db18,185eed41-d4a7-4b4d-9e52-8df04cf9afb9,110ca322-479b-40ec-b5be-f241db94e4cb,12/12/2011,12/12/2011
617d8931-b280-438b-94c1-be6716defa2a,ab4f294a-5d20-489f-af62-a90e00c867bf,128783ad-8314-49ef-9f88-3930bbb7a240,11/16/2011,11/16/2011
2ae77a0c-f27a-49ab-99fe-c0d7600c93ce,e7fa32d1-9d1d-48a1-880d-96a149085db7,128783ad-8314-49ef-9f88-3930bbb7a240,12/8/2011,12/8/2011
d14cef97-5d31-41f2-816e-c14781fc0003,a39636bf-ac4e-4c00-bdfb-63e83960cad0,6afaa3ba-5e54-4307-aad2-48784ab2b9e0,3/19/2012,3/19/2012
dfe950ac-a1fe-42dd-a895-c1bc0007f0e9,f7d3c790-66de-4ec2-bade-119c96845b01,8f9fcf16-5974-4f3d-b5d3-9d016d68b586,2/20/2012,2/20/2012
1ad8fb39-ae05-4075-9a4c-c274f8ac3a50,ef4165e3-b78c-4cd6-a33d-4b67e0e0bf2e,bb7c71a3-3428-4b1a-b799-305e04569b6f,12/18/2011,12/18/2011
4fdc06e9-6462-4996-92e0-c3d3fb8e1062,385da697-ea5c-46a7-a697-466018b403ff,f402716b-20a3-4bf1-8dbd-d9fab9d266b4,11/30/2011,11/30/2011
97c33a41-a9a8-4c7f-ae59-c3de670415bc,54acce62-49ad-4de9-a68c-f64f311d5c6f,8f9fcf16-5974-4f3d-b5d3-9d016d68b586,1/24/2012,1/24/2012
2463a975-6dc4-4808-8475-c4f66974dcc6,6558f7b9-2803-4a9c-90c2-9caae0bbbb77,128783ad-8314-49ef-9f88-3930bbb7a240,11/26/2011,11/26/2011
e5cba954-21d4-40ea-b78e-c50b7ea64624,0a5eeb17-5c29-4d9c-85f3-117c680c6819,8f9fcf16-5974-4f3d-b5d3-9d016d68b586,2/3/2012,2/3/2012
33728b8e-20fc-4996-b738-c58e7caa4fb3,1edc23c9-bd82-4fdf-b0d2-24310269520a,ca1a3dc0-8ad1-46a4-8091-817d7f6a07d8,1/13/2012,1/13/2012
b243466e-621e-46dd-99d3-c5a10ea82570,52077213-2ced-4b86-816e-5f6a5640e87c,324e1607-7cdc-483e-aca1-3254db2d7740,4/16/2012,4/16/2012
b0fb4fdb-cc5d-44f5-860b-c6313ea26d65,6104035d-ae8f-4346-bbf1-07a34b439747,a4ee87f6-89a5-45de-a4f1-dbf770e26a69,12/10/2011,12/10/2011
0cc79420-2401-42a0-93aa-c68c87713c1a,3a7cbb73-0a63-4562-b9cc-1c00da2c0a7f,5b05f9e9-b53c-48ac-b9a7-60d2528611c4,1/28/2012,1/28/2012
a03a0518-9666-4ca3-b157-c68dce9709fa,e33d04da-b288-44c2-b1cd-bea4c5de02fb,128783ad-8314-49ef-9f88-3930bbb7a240,1/1/2012,1/1/2012
805006ed-232e-4f1b-be0e-c6a0e992d7b4,0f6b8a67-5dfa-4a68-ab6c-4fe16d17fab3,e26477f1-6268-425d-81d7-cfe48f842653,11/20/2011,11/20/2011
c3da26cb-8965-431e-b9cc-c7eaa953548f,0e615bf5-a966-4e8d-a924-15a68557d16f,ca1a3dc0-8ad1-46a4-8091-817d7f6a07d8,11/22/2011,11/22/2011
8594592a-8a8b-4649-ab3d-c8155cd4d884,f1210774-216b-44fc-9694-ae9be022876d,2e84102a-1f05-4283-a16e-4866ccdd1678,11/13/2011,11/13/2011
1f965bb5-1e1f-4554-99c0-c83300f66372,43dd60ec-d503-42ca-b7fd-d6c49d2ca4fd,14dc67e2-70fc-4b52-b346-de2e16f49ed8,1/10/2012,1/10/2012
c8bf800d-1a6e-43e7-ac44-c8aa7208972d,decb7adc-30ef-4cc3-b635-339b7e2da8f3,324e1607-7cdc-483e-aca1-3254db2d7740,1/2/2012,1/2/2012
61253929-e08d-45d2-a987-c901a2bb00f1,0f6b8a67-5dfa-4a68-ab6c-4fe16d17fab3,14dc67e2-70fc-4b52-b346-de2e16f49ed8,11/20/2011,11/20/2011
28dd487f-adf1-4a39-a05d-ca86a369addf,c3c7e298-760f-40af-82d3-a2c4c336a820,128783ad-8314-49ef-9f88-3930bbb7a240,12/17/2011,12/17/2011
22722be3-d4f2-46d5-8dc5-caff276f01b5,ab4f294a-5d20-489f-af62-a90e00c867bf,6afaa3ba-5e54-4307-aad2-48784ab2b9e0,11/16/2011,11/16/2011
3b06ad91-1ca6-42b5-944a-cb4894dda1e1,55335e42-6005-498d-9890-6d71246c0872,f5ad9693-f00a-460d-b619-03b6d171951d,11/16/2011,11/16/2011
d82342ae-704c-4a1c-b45d-cb50de08050c,69dac872-4bad-4b76-a869-a72b3e98448b,b99f443f-3327-4a98-8d4c-f3dde7258e99,11/20/2011,11/20/2011
de074e79-85f1-4909-8491-cb8cde54ee0e,3f57ec8a-784e-4439-9f0c-d1c77cee70c5,128783ad-8314-49ef-9f88-3930bbb7a240,12/17/2011,12/17/2011
2b15e990-f823-4c18-b0e8-cc4149016067,4a2d023a-2176-47d0-ae9e-193631a89fb7,4b0f43fc-cfba-4a61-9619-04dc12f22792,2/20/2012,2/20/2012
a352aec8-d4d7-49bb-9fbc-ccc440d99081,875cdc36-48ae-46a0-b798-05cbc06ea236,a4ee87f6-89a5-45de-a4f1-dbf770e26a69,1/2/2012,1/2/2012
bdb31925-a6cc-4ba1-a91c-ccde82cea881,a7134da6-844b-48ec-9362-a6aaf38f6d5b,42fe4c63-2350-4674-8d00-e8d3c636a71e,1/28/2012,1/28/2012
ee3efd69-2be0-4712-b721-ce3ddefd5ced,c3750e51-bf29-40dd-b2b8-e751929380b4,bb7c71a3-3428-4b1a-b799-305e04569b6f,11/13/2011,11/13/2011
34a89ea3-c173-4e12-9e4a-ceb803ceaffc,51d0ed84-7356-4337-ae86-28f717623165,bf5fadd5-09e2-4cab-83eb-f09c7c015134,11/15/2011,11/15/2011
ec778a0f-16e4-4866-b685-cf15cd915091,0a5eeb17-5c29-4d9c-85f3-117c680c6819,324e1607-7cdc-483e-aca1-3254db2d7740,2/3/2012,2/3/2012
141ca858-7918-4e1e-a347-cf2e3dc11be2,43dd60ec-d503-42ca-b7fd-d6c49d2ca4fd,b99f443f-3327-4a98-8d4c-f3dde7258e99,1/10/2012,1/10/2012
e4b7c3bf-6481-4270-a40a-cf507dc64a7d,aafce2f2-5fcf-4f67-a8ca-ea6fe284c5ff,b94e5cee-388d-4673-b331-c505d26a16d7,1/1/2012,1/1/2012
1870932b-a77d-48d1-86ec-d044404fb3d5,818614fe-a63d-4567-997a-46aa100a3a00,39120985-9285-4c89-aba8-53bc0743e20d,1/28/2012,1/28/2012
e8e78b05-507f-4aeb-9100-d12fd60d4f71,11adc6c5-f0af-42b9-8b08-fc7e0874241d,2a8dc2c1-a343-47e0-8021-7d60b32e9e58,11/27/2011,11/27/2011
e16d76c7-fd37-4215-93e2-d14b747c12bd,414529cb-4173-473c-9e02-713e53d5eefd,b99f443f-3327-4a98-8d4c-f3dde7258e99,11/26/2011,11/26/2011
497b0172-954f-4422-bb18-d1da380a5122,9335a872-fd4c-40f0-a6d4-f47f5d56033a,b99f443f-3327-4a98-8d4c-f3dde7258e99,1/21/2012,1/21/2012
2e690a5e-89a1-4fff-b997-d30713b5a3d5,52077213-2ced-4b86-816e-5f6a5640e87c,6c9f9014-1892-47c2-b625-43462e450983,4/16/2012,4/16/2012
e5a2083f-7f6f-4e52-b4a1-d3e714779729,a39636bf-ac4e-4c00-bdfb-63e83960cad0,7de4c20d-344c-49f9-9757-a7e5387c19e0,3/19/2012,3/19/2012
9aaf1def-6f68-4273-866e-d4814b9fb035,24a443a5-8ed3-49b1-82e0-bb8877116a1c,128783ad-8314-49ef-9f88-3930bbb7a240,12/17/2011,12/17/2011
4ab89605-4e54-4445-89ee-d57cb4e90476,7f714f22-6fe6-48aa-bafd-a8c39ccfa95d,7de4c20d-344c-49f9-9757-a7e5387c19e0,11/13/2011,11/13/2011
fff20372-26a7-4c23-9dcd-d580184ca63a,5ce19075-2df0-4f51-bff3-c689599185be,b99f443f-3327-4a98-8d4c-f3dde7258e99,2/3/2012,2/3/2012
6758c875-4d34-41ba-83a4-d5a9f552ba17,7f714f22-6fe6-48aa-bafd-a8c39ccfa95d,14dc67e2-70fc-4b52-b346-de2e16f49ed8,11/13/2011,11/13/2011
8b4d198d-cf71-4e3d-8d52-d6b7bf6943fa,f4d15183-e94e-40da-a97c-64c304b0bfa4,2a8dc2c1-a343-47e0-8021-7d60b32e9e58,12/10/2011,12/10/2011
8ff0d801-d26e-4078-9f68-d6ff60ce1a8a,5495decb-ac90-48f2-909b-7d814541a854,128783ad-8314-49ef-9f88-3930bbb7a240,1/21/2012,1/21/2012
15abcf0c-2dfc-4a95-9b29-d7dbf90ec703,51d0ed84-7356-4337-ae86-28f717623165,ca1a3dc0-8ad1-46a4-8091-817d7f6a07d8,11/15/2011,11/15/2011
443c2706-894f-4c00-8691-d8d4971195b1,5983e8ae-618f-4bf3-b7e6-be2190251ead,128783ad-8314-49ef-9f88-3930bbb7a240,2/20/2012,2/20/2012
1d8c06df-0a6f-4486-81d5-da77eeca801e,a39636bf-ac4e-4c00-bdfb-63e83960cad0,872fbb95-3402-418d-bc32-d716c661169d,3/19/2012,3/19/2012
a5ea9037-8755-48d8-a0a5-dc33c93ec6f2,875cdc36-48ae-46a0-b798-05cbc06ea236,7de4c20d-344c-49f9-9757-a7e5387c19e0,1/2/2012,1/2/2012
3cc9d1bb-4549-4f15-9495-dcc9cc8e0250,0e615bf5-a966-4e8d-a924-15a68557d16f,2a8dc2c1-a343-47e0-8021-7d60b32e9e58,11/22/2011,11/22/2011
6615ab17-ace1-406e-b2b4-dcdecab783f9,41f47112-7089-4cc2-8fdc-15054ccd222a,872fbb95-3402-418d-bc32-d716c661169d,12/8/2011,12/8/2011
5adb7cbb-f36f-417f-a30d-ddc94b530dfe,818614fe-a63d-4567-997a-46aa100a3a00,128783ad-8314-49ef-9f88-3930bbb7a240,1/28/2012,1/28/2012
57ade012-ecb1-4cbf-937c-ddffb8ba827f,7d4aa91d-0583-42b0-818c-93e1637af17e,bb7c71a3-3428-4b1a-b799-305e04569b6f,12/12/2011,12/12/2011
a41cc12c-cbf9-42b5-92a5-de9152be73b6,fc93843b-ec9e-4d88-8fff-e09e7386fb91,9ee8678c-baed-4ba7-8630-c4321291f9bc,1/28/2012,1/28/2012
aa0f5f5b-3c78-43f8-9d36-df12ad6afe31,ef4165e3-b78c-4cd6-a33d-4b67e0e0bf2e,6afaa3ba-5e54-4307-aad2-48784ab2b9e0,12/18/2011,12/18/2011
f66a698a-3ddf-48d4-8597-df708035fcb4,7f714f22-6fe6-48aa-bafd-a8c39ccfa95d,872fbb95-3402-418d-bc32-d716c661169d,11/13/2011,11/13/2011
5f82d837-cf09-412f-bfae-e0250899d4c9,9bd367b4-5edb-468d-a032-eaccdbaa79bc,b99f443f-3327-4a98-8d4c-f3dde7258e99,1/10/2012,1/10/2012
849bb9f7-3310-4421-8d8f-e5ddc8e06bbb,69dac872-4bad-4b76-a869-a72b3e98448b,8b61b0cc-2ce6-44a1-ad0e-15ad577266a0,11/20/2011,11/20/2011
e1fd2738-a232-4161-9e82-e6d5c2332595,2d939f65-0b09-4821-93e2-5b76346f0f31,8a21ec9f-5289-49b0-b9b1-7f065223c460,3/19/2012,3/19/2012
289be849-0f91-4e16-9133-e719349626f0,77fbc613-3497-43d9-82e9-bf085662fd19,15c635ce-3479-449e-b352-8d6d55d2f3f8,2/20/2012,2/20/2012
122942fd-5a3f-4535-a930-e773bf098979,ad5971e3-cfbb-412e-94bf-78c5f7d2edd1,ff0838db-5f8c-4cf9-8e45-c26f9aed5d83,11/16/2011,11/16/2011
612d8f02-bbae-46c3-b8ea-e7d808a503e3,1edc23c9-bd82-4fdf-b0d2-24310269520a,b99f443f-3327-4a98-8d4c-f3dde7258e99,1/13/2012,1/13/2012
9567c5ea-ba4a-4c75-ab42-e7ff1c0b069e,2d939f65-0b09-4821-93e2-5b76346f0f31,2a8dc2c1-a343-47e0-8021-7d60b32e9e58,3/19/2012,3/19/2012
3c47904b-1d20-42f3-9da2-e8d92c3cead0,b0da4347-9133-4a5f-9c6f-5cf9a36f2e03,bb63a209-0be1-4804-ad21-2d7597a96f63,11/13/2011,11/13/2011
7eae3767-2964-4c42-94da-e95c1dc3150a,0a5eeb17-5c29-4d9c-85f3-117c680c6819,b99f443f-3327-4a98-8d4c-f3dde7258e99,2/3/2012,2/3/2012
b8614787-5c35-484b-b477-e9759a71af76,c1a33cb1-a66d-49df-97dc-b10c90b79fad,789539b3-769a-4394-b464-fb1c36a97387,11/27/2011,11/27/2011
333bae54-77ff-4d98-a978-ea8e7ccb381b,0a5eeb17-5c29-4d9c-85f3-117c680c6819,7de4c20d-344c-49f9-9757-a7e5387c19e0,2/3/2012,2/3/2012
79cd0d1d-1e85-4ed5-bc1a-eb0c5e0cb892,3719d862-52be-4331-b6d5-be3c0077bf1e,b99f443f-3327-4a98-8d4c-f3dde7258e99,12/12/2011,12/12/2011
43d44619-eef7-4ee6-a11a-eb21b3ce8ce9,f4d15183-e94e-40da-a97c-64c304b0bfa4,8f9fcf16-5974-4f3d-b5d3-9d016d68b586,12/10/2011,12/10/2011
a6a150ee-ba71-442f-ba8c-ebe3589e67d4,4a2d023a-2176-47d0-ae9e-193631a89fb7,6c9f9014-1892-47c2-b625-43462e450983,2/20/2012,2/20/2012
efd247e3-0059-431a-a41b-ecd17f6c4d91,5983e8ae-618f-4bf3-b7e6-be2190251ead,fbc8ab2d-be92-42f1-b220-c0ecc5095a67,2/20/2012,2/20/2012
a03bf48d-b59c-419d-b50c-ece930964545,bcc9df5b-a5e0-4105-9510-a890ec1e2b25,b99f443f-3327-4a98-8d4c-f3dde7258e99,12/19/2011,12/19/2011
f71a74f0-78f5-4c2a-9b6d-edf2bbf5c947,a7134da6-844b-48ec-9362-a6aaf38f6d5b,02b38b92-148a-4a12-92fd-bd5d98a4484c,1/28/2012,1/28/2012
0f92fc4b-2604-40d9-a8ac-ee2e70085f82,43dd60ec-d503-42ca-b7fd-d6c49d2ca4fd,ca1a3dc0-8ad1-46a4-8091-817d7f6a07d8,1/10/2012,1/10/2012
272f08f1-0362-43da-9ad7-eec865b3f2a3,b675c3c4-b6b0-40e9-b812-069a09ac0616,2e84102a-1f05-4283-a16e-4866ccdd1678,11/15/2011,11/15/2011
76ec69b8-d773-4c87-a43f-ef3ab5a201a0,ef4165e3-b78c-4cd6-a33d-4b67e0e0bf2e,128783ad-8314-49ef-9f88-3930bbb7a240,12/18/2011,12/18/2011
905ff3ae-14d3-4c8a-a5f0-efeffa2fdbef,ecef91f8-2473-4826-9b47-e769548c5ca4,128783ad-8314-49ef-9f88-3930bbb7a240,12/17/2011,12/17/2011
c0fbc8b1-fd19-4eeb-a5eb-f00cc18b4dc9,77fbc613-3497-43d9-82e9-bf085662fd19,2a8dc2c1-a343-47e0-8021-7d60b32e9e58,2/20/2012,2/20/2012
77903486-fb34-4e58-b7f4-f134d8591f15,11adc6c5-f0af-42b9-8b08-fc7e0874241d,82570b0a-c47a-4254-9c2c-344371c603d5,11/27/2011,11/27/2011
7d77b0c3-3a7f-4ed8-95a6-f1ba201f94bd,22a2343e-8036-454f-9384-91dcdb633177,21f2b7ec-1dfa-4ca7-85b6-8984126803c7,1/21/2012,1/21/2012
a04e3ddf-453a-4f50-9dc1-f3ac6808185b,b675c3c4-b6b0-40e9-b812-069a09ac0616,128783ad-8314-49ef-9f88-3930bbb7a240,11/15/2011,11/15/2011
d18a1e2c-c671-42e1-953a-f4393e48b6bc,4d5dd284-5d65-4d5f-9807-b8755402a2b2,8d9e0947-4cbd-439a-92f8-571f1daf4385,1/28/2012,1/28/2012
cc0ce929-5a40-43b1-9f91-f52495a20515,4fd4a2e1-dadb-4e80-a3d4-1f90ca2701f1,110ca322-479b-40ec-b5be-f241db94e4cb,2/20/2012,2/20/2012
12964903-a51c-488a-8367-f6d85235886c,62511f46-19a8-4d5a-a9c9-efd4d625fcbd,b94e5cee-388d-4673-b331-c505d26a16d7,11/13/2011,11/13/2011
ec42783b-fa62-4909-b94d-f722b49151d3,13ffefe2-b073-40c3-8a21-de6f78267ded,8b61b0cc-2ce6-44a1-ad0e-15ad577266a0,12/9/2011,12/9/2011
772a152f-d011-4b4c-827f-f72f4a2695c2,efe58b9a-e5ff-4fff-9280-dd4d654ecd1f,39120985-9285-4c89-aba8-53bc0743e20d,11/13/2011,11/13/2011
7e4867ef-df9c-4746-b8e0-f85ad07cf719,55bb2736-6866-4006-81e8-45d41eb417f6,b99f443f-3327-4a98-8d4c-f3dde7258e99,1/24/2012,1/24/2012
ce34ee06-d562-4e3e-88ed-f915455ccf89,ded066c0-e61d-4828-a788-28892f57bcb1,a4ee87f6-89a5-45de-a4f1-dbf770e26a69,11/23/2011,11/23/2011
cb8237eb-1644-490b-94ae-fcc1d60b9b02,f7d3c790-66de-4ec2-bade-119c96845b01,110ca322-479b-40ec-b5be-f241db94e4cb,2/20/2012,2/20/2012
be75347e-35d7-47d1-82f6-fcd66b9be617,ded066c0-e61d-4828-a788-28892f57bcb1,7de4c20d-344c-49f9-9757-a7e5387c19e0,11/23/2011,11/23/2011
0cdaf788-0a60-44ef-8d5a-fe8f8aa9722b,43dd60ec-d503-42ca-b7fd-d6c49d2ca4fd,872fbb95-3402-418d-bc32-d716c661169d,1/10/2012,1/10/2012
d63734b9-5136-44b0-9aa9-fec580546c7c,a7134da6-844b-48ec-9362-a6aaf38f6d5b,c4377397-235b-4e64-968b-029bc9120caf,1/28/2012,1/28/2012
05ffbf74-74fb-4f48-9e5d-ff01d5275fd5,818614fe-a63d-4567-997a-46aa100a3a00,13b63391-8b0c-4a7f-beb8-2e947094fe7d,1/28/2012,1/28/2012
2801eb2f-c3de-45ed-8848-ffacad2d7cac,4d5dd284-5d65-4d5f-9807-b8755402a2b2,c4377397-235b-4e64-968b-029bc9120caf,1/28/2012,1/28/2012
c74dbe77-f038-4dda-b74f-ffb294e46989,500da090-ae13-423e-96c2-df627f0beead,872fbb95-3402-418d-bc32-d716c661169d,12/9/2011,12/9/2011
